{
  "timestamp_utc": "2026-05-07T22:51:37+00:00",
  "constants": {
    "M_e_grams": 9.1093837015e-28,
    "hbar_cgs": 1.054571817e-27,
    "c_cgs": 29979245800.0,
    "lambda_e_reduced_cm": 3.861592677242834e-11,
    "compton_ang_freq_hz": 7.76344071105011e+20,
    "lepton_ratio_mu_e": 206.76828260879265,
    "lepton_ratio_tau_e": 3477.2283065575584
  },
  "tangherlini_spectrum": {
    "omegas": {
      "l=1,n=0": 1.0547269375351367,
      "l=1,n=1": 1.9743806502721175,
      "l=1,n=2": 2.894070116868654,
      "l=1,n=3": 3.824666567744213,
      "l=3,n=0": 1.219082740577607,
      "l=3,n=1": 2.1412077270422216,
      "l=3,n=2": 3.021987803397198,
      "l=3,n=3": 3.9224506034225777,
      "l=5,n=0": 1.3959734850917922,
      "l=5,n=1": 2.3693937895346067,
      "l=5,n=2": 3.227725798780809,
      "l=5,n=3": 4.086079805536645
    },
    "omega_min": 1.0547269375351367,
    "omega_max": 4.086079805536645,
    "spectrum_span_ratio": 3.8740641393740107
  },
  "q1_compton_identification": {
    "omega_ground": 1.0547269375351367,
    "deviation_from_1_pct": 5.472693753513669,
    "matches_within_5pct": false,
    "matches_within_1pct": false,
    "interpretation": "\u03c9(l=1, n=0) = 1.0547 in geometric units. Under the canonical R_MID = \u210f/(m_e c) \u2248 3.862e-11 cm (electron reduced Compton wavelength), \u03c9 = 1 would correspond exactly to the electron Compton angular frequency m_e c\u00b2 / \u210f \u2248 7.763e+20 rad/s. The observed value differs from 1 by 5.47% \u2014 suggestive Compton-frequency match at leading order, but not exact."
  },
  "q2_mass_ratio_test": {
    "target_ratio_mu_e": 206.76828260879265,
    "target_ratio_tau_e": 3477.2283065575584,
    "best_candidate_for_mu": [
      5,
      3,
      3.8740641393740107,
      0.9812637407899558
    ],
    "best_candidate_for_tau": [
      5,
      3,
      3.8740641393740107,
      0.9988858758189482
    ],
    "spectrum_span_ratio": 3.8740641393740107,
    "matches_at_5pct": false,
    "matches_at_factor_2": true
  },
  "dimensional_verdict": {
    "can_predict_hbar_in_si": false,
    "requires_external_anchor": true,
    "open_subtargets": [
      "Sub-target #4: R_MID self-consistency. Determine R_MID as the equilibrium throat radius for the locked mass spectrum, rather than imposing R_MID = 1 by convention. With R_MID geometrically determined, the conversion \u210f = m_e R_MID c becomes a prediction.",
      "Identify the structural source of the lepton mass ladder. The ratios m_\u03bc/m_e \u2248 207 and m_\u03c4/m_e \u2248 3477 are NOT in the Tangherlini \u03c9-spectrum; they come from the locked surrogate Hamiltonian's structure (closure quantum + radial sums + pinhole). The physical origin of these scales is the genuine open problem."
    ],
    "one_line_verdict": "Neither natural identification holds. The dimensional bridge is not present in the current geometric input set."
  }
}