{
  "timestamp_utc": "2026-05-20T23:20:41+00:00",
  "topological_discrete_sector": "RP\u00b3 = S\u00b3/Z\u2082  +  non-trivial spin structure (T\u00b2 = \u2212I)  +  2\u03c0 winding \u03b8-term",
  "B1_promotion": "closure quantum \u2192 winding \u03b8-term S_top = 2\u03c0\u00b7n",
  "B2_promotion": "antipodal Z\u2082 \u2192 RP\u00b3 quotient + non-trivial spin structure",
  "double_cover_unification": "great circle on S\u00b3 (2\u03c0 = closure quantum, B1) = double traversal of non-contractible RP\u00b3 loop (\u03c0, \u03c0\u2081 generator, B2)",
  "tests": [
    {
      "name": "T1_antipodal_involution_Z2",
      "description": "\u03c3: p \u2192 \u2212p is an involution (\u03c3\u00b2 = id) acting freely on S\u00b3 (no fixed points). The quotient S\u00b3/Z\u2082 = RP\u00b3 is a smooth manifold; the antipodal Z\u2082 (B2) becomes the deck transformation, a topological datum.",
      "samples": [
        {
          "p": [
            0.1865168763949313,
            -0.19597346002732666,
            0.950047103190218,
            0.15561606441711276
          ],
          "sigma_p": [
            -0.1865168763949313,
            0.19597346002732666,
            -0.950047103190218,
            -0.15561606441711276
          ],
          "sigma_squared_p_minus_p": 0.0,
          "sigma_p_minus_p_should_be_nonzero": 2.0
        },
        {
          "p": [
            -0.3084949330512849,
            0.20824457742971741,
            0.7509807854934109,
            0.5454291265347876
          ],
          "sigma_p": [
            0.3084949330512849,
            -0.20824457742971741,
            -0.7509807854934109,
            -0.5454291265347876
          ],
          "sigma_squared_p_minus_p": 0.0,
          "sigma_p_minus_p_should_be_nonzero": 2.0
        },
        {
          "p": [
            -0.4462686769885774,
            -0.8024579941191713,
            -0.39524505189561954,
            0.02620657484544335
          ],
          "sigma_p": [
            0.4462686769885774,
            0.8024579941191713,
            0.39524505189561954,
            -0.02620657484544335
          ],
          "sigma_squared_p_minus_p": 0.0,
          "sigma_p_minus_p_should_be_nonzero": 2.0
        },
        {
          "p": [
            -0.8466057152828365,
            -0.07966788016829934,
            -0.4536694052326027,
            -0.2666380739426069
          ],
          "sigma_p": [
            0.8466057152828365,
            0.07966788016829934,
            0.4536694052326027,
            0.2666380739426069
          ],
          "sigma_squared_p_minus_p": 0.0,
          "sigma_p_minus_p_should_be_nonzero": 2.0
        }
      ],
      "max_involution_residual": 0.0,
      "pass": true
    },
    {
      "name": "T2_double_cover_closure_quantum",
      "description": "Great circle on S\u00b3 (length 2\u03c0 = closure quantum) = double traversal of the non-contractible RP\u00b3 loop (length \u03c0). The closure quantum (B1) and the antipodal Z\u2082 generator (B2) are the two faces of the S\u00b3 \u2192 RP\u00b3 double cover.",
      "rows": [
        {
          "rp3_loop_length_pi": 3.141592653589793,
          "great_circle_length_2pi": 6.283185307179586,
          "closure_quantum_2pi": 6.283185307179586
        },
        {
          "rp3_loop_length_pi": 3.141592653589793,
          "great_circle_length_2pi": 6.283185307179586,
          "closure_quantum_2pi": 6.283185307179586
        },
        {
          "rp3_loop_length_pi": 3.141592653589793,
          "great_circle_length_2pi": 6.283185307179586,
          "closure_quantum_2pi": 6.283185307179586
        },
        {
          "rp3_loop_length_pi": 3.141592653589793,
          "great_circle_length_2pi": 6.283185307179586,
          "closure_quantum_2pi": 6.283185307179586
        }
      ],
      "max_difference": 0.0,
      "pass": true
    },
    {
      "name": "T3_pi1_rp3_is_Z2",
      "description": "\u03c0\u2081(RP\u00b3) = Z\u2082: the non-contractible RP\u00b3 loop lifts to an open S\u00b3 path (p \u2192 \u2212p); its square lifts to a closed S\u00b3 path (p \u2192 \u2212p \u2192 p), which is contractible since \u03c0\u2081(S\u00b3) = 0. Hence [\u03b3]\u00b2 = 1 in \u03c0\u2081(RP\u00b3) \u2014 the antipodal Z\u2082 is exactly the fundamental group of the quotient.",
      "rows": [
        {
          "single_loop_lift_is_open_path": true,
          "doubled_loop_lift_closes_on_S3": true
        },
        {
          "single_loop_lift_is_open_path": true,
          "doubled_loop_lift_closes_on_S3": true
        },
        {
          "single_loop_lift_is_open_path": true,
          "doubled_loop_lift_closes_on_S3": true
        },
        {
          "single_loop_lift_is_open_path": true,
          "doubled_loop_lift_closes_on_S3": true
        }
      ],
      "pi1_is_Z2": true,
      "pass": true
    },
    {
      "name": "T4_spin_structure_T2_minus_I",
      "description": "T = i\u03c3_y, T\u00b2 = \u2212I: the non-trivial (antiperiodic) spin structure on RP\u00b3. RP\u00b3 admits 2 spin structures (H\u00b9(RP\u00b3,Z\u2082)=Z\u2082); the 4\u03c0-periodic spinor selects the non-trivial one. This is the spinor content of B2, now a topological choice rather than an imposed sign.",
      "T_matrix": [
        [
          0.0,
          1.0
        ],
        [
          -1.0,
          0.0
        ]
      ],
      "T_squared_minus_I_residual": 0.0,
      "det_T_residual": 0.0,
      "unitarity_residual": 0.0,
      "pass": true
    },
    {
      "name": "T5_winding_theta_term",
      "description": "Closure quantum = winding number of the phase map S\u00b9 \u2192 U(1): \u222ed\u03c6 = 2\u03c0\u00b7n. Topological total-derivative term S_top = 2\u03c0\u00b7n. Integer-quantized by single-valuedness; metric-independent (reparam-invariant). This IS B1, now a term in the action rather than an imposed constraint.",
      "rows": [
        {
          "intended_winding_n": 1,
          "measured_winding": 0.9999999999999802,
          "S_top_2pi_n": 6.283185307179462,
          "closure_quantum_match_2pi_n": true
        },
        {
          "intended_winding_n": 2,
          "measured_winding": 2.0,
          "S_top_2pi_n": 12.566370614359172,
          "closure_quantum_match_2pi_n": true
        },
        {
          "intended_winding_n": 3,
          "measured_winding": 3.0000000000000013,
          "S_top_2pi_n": 18.849555921538766,
          "closure_quantum_match_2pi_n": true
        },
        {
          "intended_winding_n": -1,
          "measured_winding": -0.9999999999999802,
          "S_top_2pi_n": -6.283185307179462,
          "closure_quantum_match_2pi_n": true
        },
        {
          "intended_winding_n": 5,
          "measured_winding": 4.999999999999998,
          "S_top_2pi_n": 31.41592653589792,
          "closure_quantum_match_2pi_n": true
        }
      ],
      "all_windings_integer": true,
      "winding_metric_independent": true,
      "pass": true
    },
    {
      "name": "T6_variational_consistency",
      "description": "The winding \u03b8-term is a topological total derivative: homotopic paths (same winding, same endpoints) give the same S_top. \u03b4S_top = 0 under local variations preserving winding, so the term does not modify the local EOM. The topological sector is variationally consistent with the smooth Einstein\u2013Maxwell\u2013Dirac\u2013throat action.",
      "S_top_straight_path": 6.283185307179474,
      "S_top_wiggled_path": 6.283185307179592,
      "delta_S_top_under_local_variation": 1.1723955140041653e-13,
      "pass": true
    },
    {
      "name": "T7_K_Q_from_topological_sector",