{
  "pass2_best_params": {
    "action_base": 3.141592653589793,
    "beta": 628.3185307179587,
    "gamma_q": 0.1,
    "u_q_form": "k_minus_2",
    "phase": 0.001,
    "transport": 0.6,
    "pinhole": 22.0,
    "resistance": 0.15,
    "partition_mixing": 0.0,
    "winding_mode": "max",
    "resistance_model": "exponential",
    "depth_cost_mode": "tunnel_only",
    "uplift_mode": "partition_asymmetric",
    "uplift_asymmetry": 0.95,
    "spectrum_zero_mode": "min_eigenvalue",
    "chi_q_k3": 20.0,
    "eta_k3k5_minus": 5.0,
    "spectrum_zero": null
  },
  "pass2_baseline_err": 0.13288482640786586,
  "probes": {
    "integer_winding": {
      "axis": "integer_winding",
      "values": [
        200.0,
        225.0,
        250.0,
        275.0,
        300.0,
        325.0,
        350.0,
        375.0,
        400.0,
        425.0,
        450.0,
        475.0,
        500.0,
        525.0,
        550.0,
        575.0,
        600.0,
        625.0,
        650.0,
        675.0,
        700.0,
        725.0,
        750.0,
        775.0,
        800.0
      ],
      "errors": [
        0.535807523225676,
        0.48197177685227405,
        0.4282269784758495,
        0.3745510553322303,
        0.3209285403944362,
        0.26734827391817434,
        0.21380200202600472,
        0.16028348890489472,
        0.13288482640786586,
        0.18905787776463912,
        0.24526249908481054,
        0.30149408784000964,
        0.35774889483916067,
        0.41402383519733876,
        0.47031634740940254,
        0.5266242869128824,
        0.5829458444484092,
        0.6392794831402192,
        0.6956238889277998,
        0.7519779317575178,
        0.8083406343114232,
        0.8647111471471632,
        0.9210887284028502,
        0.9774727273060115,
        1.0338625705479334
      ],
      "best_value": 400.0,
      "best_error": 0.13288482640786586,
      "two_x_best_window": [
        350.0,
        450.0
      ]
    },
    "chi_q_k3": {
      "axis": "chi_q_k3",
      "values": [
        0.0,
        2.0,
        4.0,
        6.0,
        8.0,
        10.0,
        12.0,
        14.0,
        16.0,
        18.0,
        20.0,
        22.0,
        24.0,
        26.0,
        28.0,
        30.0,
        32.0,
        34.0,
        36.0,
        38.0,
        40.0,
        42.0,
        44.0,
        46.0,
        48.0,
        50.0,
        52.0,
        54.0,
        56.0,
        58.0,
        60.0
      ],
      "errors": [
        4.778039838797803,
        4.306786097247303,
        3.8317128161621485,
        3.353697632005756,
        2.8734645324959702,
        2.3916784417980956,
        1.9090635350078375,
        1.4266255154512513,
        0.9462433310905383,
        0.4728816768439683,
        0.13288482640786586,
        2.795058811102868,
        1.0,
        1.0,
        1.0,
        1.0,
        1.0,
        1.0,
        1.0,
        1.0,
        1.0,
        1.0,
        1.0,
        1.0,
        1.0,
        1.0,
        1.0,
        1.0,
        1.0,
        1.0,
        1.0
      ],
      "best_value": 20.0,
      "best_error": 0.13288482640786586,
      "two_x_best_window": [
        20.0,
        20.0
      ]
    },
    "eta_k3k5_minus": {
      "axis": "eta_k3k5_minus",
      "values": [
        0.0,
        1.0,
        2.0,
        3.0,
        4.0,
        5.0,
        6.0,
        7.0,
        8.0,
        9.0,
        10.0,
        11.0,
        12.0,
        13.0,
        14.0,
        15.0,
        16.0,
        17.0,
        18.0,
        22.0,
        23.0,
        24.0,
        25.0,
        26.0,
        27.0,
        28.0,
        29.0,
        30.0
      ],
      "errors": [
        0.13877541899318266,
        0.1352578231310343,
        0.13046506718957074,
        0.12426345110492408,
        0.1201384852157313,
        0.13288482640786586,
        0.14858764262375423,
        0.1679115964324386,
        0.19179489463625024,
        0.22159188314969216,
        0.259317795125577,
        0.30809123499514207,
        0.37298781301209577,
        0.4628286447650032,
        0.5943560096173199,
        0.8035496286376356,
        1.1838995969602417,
        2.0752340877412454,
        6.397592353329399,
        1.0,
        1.0,
        1.0,
        1.0,
        1.0,
        1.0,
        1.0,
        1.0,
        1.0
      ],
      "best_value": 4.0,
      "best_error": 0.1201384852157313,
      "two_x_best_window": [
        0.0,
        9.0
      ]
    }
  }
}