{
  "pass2_best_params": {
    "action_base": 3.141592653589793,
    "beta": 628.3185307179587,
    "gamma_q": 0.1,
    "u_q_form": "k_minus_2",
    "phase": 0.001,
    "transport": 0.6,
    "pinhole": 22.0,
    "resistance": 0.15,
    "partition_mixing": 0.0,
    "winding_mode": "max",
    "resistance_model": "exponential",
    "depth_cost_mode": "tunnel_only",
    "uplift_mode": "partition_asymmetric",
    "uplift_asymmetry": 0.95,
    "spectrum_zero_mode": "min_eigenvalue",
    "chi_q_k3": 20.0,
    "eta_k3k5_minus": 5.0,
    "spectrum_zero": null
  },
  "pass2_baseline_err": 0.13288482640786586,
  "probes": {
    "integer_winding": {
      "axis": "integer_winding",
      "values": [
        200.0,
        225.0,
        250.0,
        275.0,
        300.0,
        325.0,
        350.0,
        375.0,
        400.0,
        425.0,
        450.0,
        475.0,
        500.0,
        525.0,
        550.0,
        575.0,
        600.0,
        625.0,
        650.0,
        675.0,
        700.0,
        725.0,
        750.0,
        775.0,
        800.0
      ],
      "errors": [
        0.535807523225676,
        0.48197177685227405,
        0.4282269784758495,
        0.3745510553322303,
        0.3209285403944362,
        0.26734827391817434,
        0.21380200202600472,
        0.16028348890489472,
        0.13288482640786586,
        0.18905787776463912,
        0.24526249908481054,
        0.30149408784000964,
        0.35774889483916067,
        0.41402383519733876,
        0.47031634740940254,
        0.5266242869128824,
        0.5829458444484092,
        0.6392794831402192,
        0.6956238889277998,
        0.7519779317575178,
        0.8083406343114232,
        0.8647111471471632,
        0.9210887284028502,
        0.9774727273060115,
        1.0338625705479334
      ],
      "best_value": 400.0,
      "best_error": 0.13288482640786586,
      "two_x_best_window": [
        350.0,
        450.0
      ]
    },
    "chi_q_k3": {
      "axis": "chi_q_k3",
      "values": [
        10.0,
        10.2,
        10.399999999999999,
        10.599999999999998,
        10.799999999999997,
        10.999999999999996,
        11.199999999999996,
        11.399999999999995,
        11.599999999999994,
        11.799999999999994,
        11.999999999999993,
        12.199999999999992,
        12.399999999999991,
        12.59999999999999,
        12.79999999999999,
        12.99999999999999,
        13.199999999999989,
        13.399999999999988,
        13.599999999999987,
        13.799999999999986,
        13.999999999999986,
        14.199999999999985,
        14.399999999999984,
        14.599999999999984,
        14.799999999999983,
        14.999999999999982,
        15.199999999999982,
        15.39999999999998,
        15.59999999999998,
        15.79999999999998,
        15.999999999999979,
        16.199999999999978,
        16.399999999999977,
        16.599999999999977,
        16.799999999999976,
        16.999999999999975,
        17.199999999999974,
        17.399999999999974,
        17.599999999999973,
        17.799999999999972,
        17.99999999999997,
        18.19999999999997,
        18.39999999999997,
        18.59999999999997,
        18.79999999999997,
        18.999999999999968,
        19.199999999999967,
        19.399999999999967,
        19.599999999999966,
        19.799999999999965,
        19.999999999999964,
        20.199999999999964,
        20.399999999999963,
        20.599999999999962,
        20.79999999999996,
        20.99999999999996,
        21.19999999999996,
        21.39999999999996,
        21.59999999999996,
        21.799999999999958,
        21.999999999999957,
        22.199999999999957
      ],
      "errors": [
        2.3916784417980956,
        2.3434409083943675,
        2.2951956857749494,
        2.2469436010745265,
        2.1986855111046557,
        2.1504223058562273,
        2.102154912235396,
        2.053884298340281,
        2.005611478116382,
        1.9573375164480418,
        1.9090635350078449,
        1.8607907185851988,
        1.8125203223026443,
        1.7642536795898935,
        1.7159922112940365,
        1.6677374358242565,
        1.619490980695304,
        1.5712545955359416,
        1.5230301669949127,
        1.4748197356568216,
        1.4266255154512577,
        1.378449915932557,
        1.3302955679519608,
        1.2821653533157251,
        1.234062439240653,
        1.185990318526976,
        1.1379528565447425,
        1.0899543463917392,
        1.0419995741428185,
        0.9940938961346563,
        0.9462433310954339,
        0.8984546706917732,
        0.8507356126710284,
        0.8030949223434211,
        0.7555426296624312,
        0.7080902715141938,
        0.6607511915196419,
        0.6135409141958763,
        0.5664776158546165,
        0.5195827225029632,
        0.4728816768439705,
        0.4264049327233065,
        0.3801892596674488,
        0.33427947658584833,
        0.28873078842140576,
        0.2436119854478542,
        0.19900990049069442,
        0.1587578240757356,
        0.14412267187733813,
        0.12702416055372354,
        0.13288482640785934,
        0.1637239077707866,
        0.20145933750362358,
        0.24866090760478698,
        0.30933691553937326,
        0.3900921117707996,
        0.5026081133743666,
        0.6696105563045998,
        0.941752783626824,
        1.4587898577476206,
        2.7950588111027543,
        13.401357061995029
      ],
      "best_value": 19.799999999999965,
      "best_error": 0.12702416055372354,
      "two_x_best_window": [
        18.999999999999968,
        20.599999999999962
      ]
    },
    "eta_k3k5_minus": {
      "axis": "eta_k3k5_minus",
      "values": [
        0.0,
        0.5,
        1.0,
        1.5,
        2.0,
        2.5,
        3.0,
        3.5,
        4.0,
        4.5,
        5.0,
        5.5,
        6.0,
        6.5,
        7.0,
        7.5,
        8.0,
        8.5,
        9.0,
        9.5,
        10.0,
        10.5,
        11.0,
        11.5,
        12.0,
        12.5,
        13.0,
        13.5,
        14.0,
        14.5,
        15.0,
        15.5,
        16.0,
        16.5,
        17.0,
        17.5,
        18.0
      ],
      "errors": [
        0.13877541899318266,
        0.13716961668995412,
        0.1352578231310343,
        0.13302797571024783,
        0.13046506718957074,
        0.1275508485853524,
        0.12426345110492408,
        0.12057691163448775,
        0.1201384852157313,
        0.12617558039552745,
        0.13288482640786586,
        0.14033033020501692,
        0.14858764262375423,
        0.1577460685164141,
        0.1679115964324386,
        0.17921064450785346,
        0.19179489463625024,
        0.20584759636326627,
        0.22159188314969216,
        0.2393018854772479,
        0.259317795125577,
        0.2820666127473287,
        0.30809123499514207,
        0.33809205471284387,
        0.37298781301209577,
        0.4140069256744467,
        0.4628286447650032,
        0.521808846194879,
        0.5943560096173199,
        0.685588130723724,
        0.8035496286376356,
        0.9616360677877993,
        1.1838995969602417,
        1.5182070895550268,
        2.0752340877412454,
        3.181210039463232,
        6.397592353329399
      ],
      "best_value": 4.0,
      "best_error": 0.1201384852157313,
      "two_x_best_window": [
        0.0,
        9.5
      ]
    }
  }
}