{
  "baseline": {
    "err": 0.01623984574486451,
    "params": {
      "action_base": 3.141592653589793,
      "beta": 725.7079029792422,
      "gamma_q": 0.1,
      "u_q_form": "k_minus_2",
      "phase": 0.007500000000000001,
      "transport": 0.55,
      "pinhole": 22.0,
      "resistance": 0.13999999999999999,
      "partition_mixing": 0.0,
      "winding_mode": "max",
      "resistance_model": "exponential",
      "depth_cost_mode": "tunnel_only",
      "uplift_mode": "partition_asymmetric",
      "uplift_asymmetry": 0.9600000000000001,
      "spectrum_zero_mode": "min_eigenvalue",
      "chi_q_k3": 19.8,
      "eta_k3k5_minus": 4.9999999999999964,
      "spectrum_zero": null
    }
  },
  "chi_eta_product=99": {
    "err": 0.016239845744867556,
    "ratio_to_baseline": 1.0000000000001876,
    "params": {
      "action_base": 3.141592653589793,
      "beta": 725.7079029792422,
      "gamma_q": 0.1,
      "u_q_form": "k_minus_2",
      "phase": 0.007500000000000001,
      "transport": 0.55,
      "pinhole": 22.0,
      "resistance": 0.13999999999999999,
      "partition_mixing": 0.0,
      "winding_mode": "max",
      "resistance_model": "exponential",
      "depth_cost_mode": "tunnel_only",
      "uplift_mode": "partition_asymmetric",
      "uplift_asymmetry": 0.9600000000000001,
      "spectrum_zero_mode": "min_eigenvalue",
      "chi_q_k3": 19.800000000000026,
      "eta_k3k5_minus": 4.999999999999994,
      "spectrum_zero": null
    }
  },
  "chi_eta_product=100": {
    "err": 0.016777895194500556,
    "ratio_to_baseline": 1.0331314384440007,
    "params": {
      "action_base": 3.141592653589793,
      "beta": 725.7079029792422,
      "gamma_q": 0.1,
      "u_q_form": "k_minus_2",
      "phase": 0.007500000000000001,
      "transport": 0.55,
      "pinhole": 22.0,
      "resistance": 0.13999999999999999,
      "partition_mixing": 0.0,
      "winding_mode": "max",
      "resistance_model": "exponential",
      "depth_cost_mode": "tunnel_only",
      "uplift_mode": "partition_asymmetric",
      "uplift_asymmetry": 0.96,
      "spectrum_zero_mode": "min_eigenvalue",
      "chi_q_k3": 19.8,
      "eta_k3k5_minus": 5.05050505050505,
      "spectrum_zero": null
    }
  },
  "chi_eta_product=99.16": {
    "err": 0.01632555132603102,
    "ratio_to_baseline": 1.0052774873919976,
    "params": {
      "action_base": 3.141592653589793,
      "beta": 725.7079029792422,
      "gamma_q": 0.1,
      "u_q_form": "k_minus_2",
      "phase": 0.007500000000000001,
      "transport": 0.55,
      "pinhole": 22.0,
      "resistance": 0.13999999999999999,
      "partition_mixing": 0.0,
      "winding_mode": "max",
      "resistance_model": "exponential",
      "depth_cost_mode": "tunnel_only",
      "uplift_mode": "partition_asymmetric",
      "uplift_asymmetry": 0.9600000000000001,
      "spectrum_zero_mode": "min_eigenvalue",
      "chi_q_k3": 19.8,
      "eta_k3k5_minus": 5.00808,
      "spectrum_zero": null
    }
  },
  "chi_eta_ratio=4": {
    "err": 0.015376088979044862,
    "ratio_to_baseline": 0.9468125018310108,
    "params": {
      "action_base": 3.141592653589793,
      "beta": 753.9822368615503,
      "gamma_q": 0.1,
      "u_q_form": "k_minus_2",
      "phase": 0.007500000000000001,
      "transport": 0.5700000000000001,
      "pinhole": 22.0,
      "resistance": 0.16999999999999998,
      "partition_mixing": 0.0,
      "winding_mode": "max",
      "resistance_model": "exponential",
      "depth_cost_mode": "tunnel_only",
      "uplift_mode": "partition_asymmetric",
      "uplift_asymmetry": 0.9600000000000001,
      "spectrum_zero_mode": "min_eigenvalue",
      "chi_q_k3": 19.999999999999986,
      "eta_k3k5_minus": 4.9999999999999964,
      "spectrum_zero": null
    }
  },
  "chi_eta_ratio=3.96": {
    "err": 0.01623984574486451,
    "ratio_to_baseline": 1.0,
    "params": {
      "action_base": 3.141592653589793,
      "beta": 725.7079029792422,
      "gamma_q": 0.1,
      "u_q_form": "k_minus_2",
      "phase": 0.007500000000000001,
      "transport": 0.55,
      "pinhole": 22.0,
      "resistance": 0.13999999999999999,
      "partition_mixing": 0.0,
      "winding_mode": "max",
      "resistance_model": "exponential",
      "depth_cost_mode": "tunnel_only",
      "uplift_mode": "partition_asymmetric",
      "uplift_asymmetry": 0.9600000000000001,
      "spectrum_zero_mode": "min_eigenvalue",
      "chi_q_k3": 19.799999999999986,
      "eta_k3k5_minus": 4.9999999999999964,
      "spectrum_zero": null
    }
  },
  "chi=20, eta=5": {
    "err": 0.015376088979047473,
    "ratio_to_baseline": 0.9468125018311716,
    "params": {
      "action_base": 3.141592653589793,
      "beta": 753.9822368615503,
      "gamma_q": 0.1,
      "u_q_form": "k_minus_2",
      "phase": 0.007500000000000001,
      "transport": 0.5700000000000001,
      "pinhole": 22.0,
      "resistance": 0.16999999999999998,
      "partition_mixing": 0.0,
      "winding_mode": "max",
      "resistance_model": "exponential",
      "depth_cost_mode": "tunnel_only",
      "uplift_mode": "partition_asymmetric",
      "uplift_asymmetry": 0.9600000000000001,
      "spectrum_zero_mode": "min_eigenvalue",
      "chi_q_k3": 20.0,
      "eta_k3k5_minus": 5.0,
      "spectrum_zero": null
    }
  },
  "eps=0.96 (=24/25)": {
    "err": 0.016239845744867556,
    "ratio_to_baseline": 1.0000000000001876,
    "params": {
      "action_base": 3.141592653589793,
      "beta": 725.7079029792422,
      "gamma_q": 0.1,
      "u_q_form": "k_minus_2",
      "phase": 0.007500000000000001,
      "transport": 0.55,
      "pinhole": 22.0,
      "resistance": 0.13999999999999999,
      "partition_mixing": 0.0,
      "winding_mode": "max",
      "resistance_model": "exponential",
      "depth_cost_mode": "tunnel_only",
      "uplift_mode": "partition_asymmetric",
      "uplift_asymmetry": 0.96,
      "spectrum_zero_mode": "min_eigenvalue",
      "chi_q_k3": 19.8,
      "eta_k3k5_minus": 5.0,
      "spectrum_zero": null
    }
  },
  "eps=1.0": {
    "err": 0.697326261063092,
    "ratio_to_baseline": 42.939217035580896,
    "params": {
      "action_base": 3.141592653589793,
      "beta": 753.9822368615503,
      "gamma_q": 0.1,
      "u_q_form": "k_minus_2",
      "phase": 0.001,
      "transport": 0.55,
      "pinhole": 22.0,
      "resistance": 0.13999999999999999,
      "partition_mixing": 0.0,
      "winding_mode": "max",
      "resistance_model": "exponential",
      "depth_cost_mode": "tunnel_only",
      "uplift_mode": "partition_asymmetric",
      "uplift_asymmetry": 1.0,
      "spectrum_zero_mode": "min_eigenvalue",
      "chi_q_k3": 20.10000000000001,
      "eta_k3k5_minus": 5.199999999999996,
      "spectrum_zero": null
    }
  },
  "eps=0.95": {
    "err": 0.11006101979509537,
    "ratio_to_baseline": 6.777220764544499,
    "params": {
      "action_base": 3.141592653589793,
      "beta": 691.1503837897545,
      "gamma_q": 0.1,
      "u_q_form": "k_minus_2",
      "phase": 0.007500000000000001,
      "transport": 0.53,
      "pinhole": 22.0,
      "resistance": 0.13999999999999999,
      "partition_mixing": 0.0,
      "winding_mode": "max",
      "resistance_model": "exponential",
      "depth_cost_mode": "tunnel_only",
      "uplift_mode": "partition_asymmetric",
      "uplift_asymmetry": 0.95,
      "spectrum_zero_mode": "min_eigenvalue",
      "chi_q_k3": 19.5,
      "eta_k3k5_minus": 4.199999999999999,
      "spectrum_zero": null
    }
  },
  "phase=0.005 (=1/200)": {
    "err": 0.016325962547813735,
    "ratio_to_baseline": 1.0053028091708605,
    "params": {
      "action_base": 3.141592653589793,
      "beta": 725.7079029792422,
      "gamma_q": 0.1,
      "u_q_form": "k_minus_2",
      "phase": 0.005,
      "transport": 0.55,
      "pinhole": 22.0,
      "resistance": 0.14,
      "partition_mixing": 0.0,
      "winding_mode": "max",
      "resistance_model": "exponential",
      "depth_cost_mode": "tunnel_only",
      "uplift_mode": "partition_asymmetric",
      "uplift_asymmetry": 0.96,