{
  "anchor_species": "d",
  "anchor_mass_mev": 4.67,
  "best_max_rel_err_excl_u": 0.48224673986280775,
  "best_params": {
    "action_base": 3.141592653589793,
    "beta": 439.822971502571,
    "gamma_q": 0.1,
    "u_q_form": "k_minus_2",
    "phase": 0.001,
    "transport": 0.5,
    "pinhole": 15.0,
    "resistance": 0.15,
    "partition_mixing": 0.0,
    "winding_mode": "max",
    "resistance_model": "exponential",
    "depth_cost_mode": "tunnel_only",
    "uplift_mode": "partition_asymmetric",
    "uplift_asymmetry": 0.95,
    "spectrum_zero_mode": "min_eigenvalue",
    "chi_q_k3": 10.0,
    "eta_k3k5_minus": 10.0,
    "spectrum_zero": null
  },
  "predicted_masses_mev": [
    0.0,
    4.67,
    134.5663515748642,
    684.4613967379507,
    2783.8107611482346,
    89410.81049309173
  ],
  "target_masses_mev": [
    2.16,
    4.67,
    93.4,
    1270.0,
    4180.0,
    172690.0
  ],
  "rel_err_per_species": [
    1.0,
    0.0,
    0.44075322885293566,
    0.4610540183165742,
    0.33401656431860416,
    0.48224673986280775
  ],
  "species_order": [
    "u",
    "d",
    "s",
    "c",
    "b",
    "t"
  ],
  "scan_points_total": 12288,
  "rejected_points": 0
}