{
  "best_max_rel_err": 0.8877378511275908,
  "best_params": {
    "action_base": 3.141592653589793,
    "beta": 392.6990816987241,
    "gamma_q": 0.01,
    "u_q_form": "k_minus_2",
    "phase": 0.001,
    "transport": 1.5,
    "pinhole": 15.0,
    "resistance": 0.3,
    "partition_mixing": 0.0,
    "winding_mode": "max",
    "resistance_model": "exponential",
    "depth_cost_mode": "tunnel_only",
    "uplift_mode": "partition_asymmetric",
    "uplift_asymmetry": 0.7000000000000001,
    "spectrum_zero": null
  },
  "predicted_masses_mev": [
    2.16,
    2.318826079953995,
    142.41106102241704,
    142.57292906795962,
    3969.7962810854915,
    21652.820707165258
  ],
  "target_masses_mev": [
    2.16,
    4.67,
    93.4,
    1270.0,
    4180.0,
    172690.0
  ],
  "rel_err_per_species": [
    0.0,
    0.5034633661768747,
    0.524743694030161,
    0.8877378511275908,
    0.050287971032179066,
    0.8746145074574946
  ],
  "species_order": [
    "u",
    "d",
    "s",
    "c",
    "b",
    "t"
  ],
  "scan_points_total": 12960,
  "rejected_points": 8275
}