{
  "derived": {
    "transport": 0.5447456293521067,
    "pinhole": 22.008240059546566,
    "resistance": 0.14068320113663213,
    "ln_alpha_q_ratio": 0.2582548506244166,
    "pair_overlaps": [
      0.37069206127817106,
      0.45776486399555216,
      0.8057799627825969
    ],
    "alpha_q_5_0": 1.2946687237168446
  },
  "PDG": {
    "N": 466,
    "err": 0.0343546933874976
  },
  "PDG_x_1.10": {
    "N": 466,
    "err": 0.03435469338749772
  },
  "PDG_x_0.90": {
    "N": 466,
    "err": 0.034354693387497665
  },
  "c_x_1.10": {
    "N": 434,
    "err": 0.05731722744072865
  },
  "b_x_1.10": {
    "N": 480,
    "err": 0.041006686170511064
  },
  "t_x_1.10": {
    "N": 478,
    "err": 0.057424444768642495
  },
  "t_x_0.90": {
    "N": 428,
    "err": 0.03747701708190343
  },
  "all_perturb_5pct": {
    "N": 518,
    "err": 0.12151481876297437
  },
  "anchor=d": {
    "N": 466,
    "err": 0.0343546933874976
  },
  "anchor=s": {
    "N": 466,
    "err": 0.0674841759254431
  },
  "anchor=c": {
    "N": 500,
    "err": 0.05971797570988107
  },
  "anchor=b": {
    "N": 448,
    "err": 0.0337463219217147
  },
  "anchor=t": {
    "N": 462,
    "err": 0.03452525471370367
  }
}