{
  "center_integer": 122,
  "best_integer": 123,
  "best_max_rel_err": 0.9527150031974986,
  "basin_within_2x_of_best": [
    72,
    172
  ],
  "integers_probed": [
    72,
    73,
    74,
    75,
    76,
    77,
    78,
    79,
    80,
    81,
    82,
    83,
    84,
    85,
    86,
    87,
    88,
    89,
    90,
    91,
    92,
    93,
    94,
    95,
    96,
    97,
    98,
    99,
    100,
    101,
    102,
    103,
    104,
    105,
    106,
    107,
    108,
    109,
    110,
    111,
    112,
    113,
    114,
    115,
    116,
    117,
    118,
    119,
    120,
    121,
    122,
    123,
    124,
    125,
    126,
    127,
    128,
    129,
    130,
    131,
    132,
    133,
    134,
    135,
    136,
    137,
    138,
    139,
    140,
    141,
    142,
    143,
    144,
    145,
    146,
    147,
    148,
    149,
    150,
    151,
    152,
    153,
    154,
    155,
    156,
    157,
    158,
    159,
    160,
    161,
    162,
    163,
    164,
    165,
    166,
    167,
    168,
    169,
    170,
    171,
    172
  ],
  "errors_per_integer": [
    0.971760890979611,
    0.9713874422325139,
    0.9710139934832549,
    0.9706405447319165,
    0.970267095978587,
    0.9698936472233334,
    0.9695201984662346,
    0.969146749707353,
    0.9687733009467503,
    0.9683998521844984,
    0.9680264034206405,
    0.9676529546552445,
    0.9672795058883673,
    0.9669060571200457,
    0.9665326083503358,
    0.9661591595792843,
    0.9657857108069328,
    0.9654122620333317,
    0.9650388132585116,
    0.9646653644825137,
    0.9642919157053832,
    0.9639184669271481,
    0.9635450181478337,
    0.9631715693674975,
    0.9627981205861476,
    0.9624246718038213,
    0.9620512230205505,
    0.961677774236367,
    0.96130432545129,
    0.9609308766653504,
    0.9605574278785658,
    0.9601839790909686,
    0.9598105303025777,
    0.959437081513416,
    0.9590636327235019,
    0.9586901839328503,
    0.958316735141493,
    0.9579432863494535,
    0.9575698375567363,
    0.9571963887633699,
    0.9568229399693442,
    0.9564494911747218,
    0.9560760423794832,
    0.9557025935836617,
    0.9553291447872488,
    0.9549556959902895,
    0.9545822471927765,
    0.9542087983947316,
    0.9538353495961686,
    0.9534619007971117,
    0.9530884519975533,
    0.9527150031974986,
    0.9681163172636956,
    0.9835447563650659,
    0.9989731954775989,
    1.0144016346010027,
    1.0298300737357484,
    1.0452585128793588,
    1.0606869520347224,
    1.0761153911999275,
    1.0915438303741933,
    1.1069722695582127,
    1.122400708752076,
    1.1378291479550497,
    1.153257587166359,
    1.1686860263867809,
    1.1841144656160565,
    1.1995429048528243,
    1.2149713440983139,
    1.230399783352107,
    1.2458282226124486,
    1.2612566618825798,
    1.276685101159215,
    1.2921135404432154,
    1.3075419797333867,
    1.3229704190326654,
    1.33839885833882,
    1.3538272976495758,
    1.3692557369687204,
    1.3846841762945008,
    1.4001126156258388,
    1.415541054963936,
    1.4309694943081526,
    1.446397933658039,
    1.4618263730141303,
    1.4772548123772453,
    1.4926832517447985,
    1.50811169111836,
    1.5235401304961695,
    1.5389685698811175,
    1.5543970092702981,
    1.5698254486656047,
    1.5852538880654155,
    1.6006823274695272,
    1.6161107668814552,
    1.6315392062952505,
    1.6469676457146154,
    1.6623960851392112,
    1.6778245245682837,
    1.693252964001566,
    1.708681403439526
  ]
}