{
  "best_integer_winding": 122,
  "best_beta": 191.63715186897738,
  "best_max_rel_err": 0.9530884519975533,
  "predicted_masses_mev": [
    2.16,
    3.949813777558302,
    180.81679169538384,
    182.60660554462675,
    8097.7444554171625,
    8101.155224542522
  ],
  "rel_err_per_species": [
    0.0,
    0.15421546519094176,
    0.9359399539120324,
    0.8562152712247033,
    0.937259439095015,
    0.9530884519975533
  ],
  "species_order": [
    "u",
    "d",
    "s",
    "c",
    "b",
    "t"
  ],
  "target_masses_mev": [
    2.16,
    4.67,
    93.4,
    1270.0,
    4180.0,
    172690.0
  ],
  "integer_range": [
    10,
    1000000
  ],
  "samples_tried": 556,
  "rejected_points": 0
}