{
  "scalars": {
    "transport_geom": 0.5,
    "resistance_geom": 0.1473343618584223,
    "pinhole_geom": 21.79583999999999,
    "alpha_q_table": {
      "(1, 0)": 1.0,
      "(2, 0)": 1.0660778200043415,
      "(3, 0)": 1.1415580792917066,
      "(4, 0)": 1.219165509017917,
      "(5, 0)": 1.2946687237168446
    }
  },
  "results": {
    "baseline": {
      "PDG": {
        "N": 466,
        "err": 0.01610352923084611,
        "transport": 0.5400000000000001,
        "resistance": 0.14,
        "pinhole": 22.25
      },
      "c_x_1.10": {
        "N": 430,
        "err": 0.01736976088123867,
        "transport": 0.5700000000000002,
        "resistance": 0.13500000000000006,
        "pinhole": 22.0
      },
      "b_x_1.10": {
        "N": 494,
        "err": 0.04169464993911719,
        "transport": 0.5400000000000001,
        "resistance": 0.14,
        "pinhole": 22.25
      },
      "t_x_1.10": {
        "N": 494,
        "err": 0.054890526332316364,
        "transport": 0.5400000000000001,
        "resistance": 0.14,
        "pinhole": 22.25
      }
    },
    "transport": {
      "PDG": {
        "N": 490,
        "err": 0.02280880245420068,
        "transport": 0.5,
        "resistance": 0.13500000000000006,
        "pinhole": 22.25
      },
      "c_x_1.10": {
        "N": 432,
        "err": 0.021005707675505306,
        "transport": 0.5,
        "resistance": 0.09500000000000003,
        "pinhole": 22.25
      },
      "b_x_1.10": {
        "N": 514,
        "err": 0.04500322384977162,
        "transport": 0.5,
        "resistance": 0.14000000000000007,
        "pinhole": 22.25
      },
      "t_x_1.10": {
        "N": 514,
        "err": 0.050741495768893106,
        "transport": 0.5,
        "resistance": 0.14000000000000007,
        "pinhole": 22.25
      }
    },
    "resistance": {
      "PDG": {
        "N": 474,
        "err": 0.017562595794103016,
        "transport": 0.54,
        "resistance": 0.1473343618584223,
        "pinhole": 22.25
      },
      "c_x_1.10": {
        "N": 434,
        "err": 0.025391585593275704,
        "transport": 0.5900000000000002,
        "resistance": 0.1473343618584223,
        "pinhole": 22.0
      },
      "b_x_1.10": {
        "N": 502,
        "err": 0.04311827937289078,
        "transport": 0.54,
        "resistance": 0.1473343618584223,
        "pinhole": 22.25
      },
      "t_x_1.10": {
        "N": 502,
        "err": 0.053619572622170264,
        "transport": 0.54,
        "resistance": 0.1473343618584223,
        "pinhole": 22.25
      }
    },
    "pinhole": {
      "PDG": {
        "N": 478,
        "err": 0.013121884656232388,
        "transport": 0.6100000000000002,
        "resistance": 0.19500000000000012,
        "pinhole": 21.79583999999999
      },
      "c_x_1.10": {
        "N": 480,
        "err": 0.08000810540276587,
        "transport": 0.54,
        "resistance": 0.14000000000000007,
        "pinhole": 21.79583999999999
      },
      "b_x_1.10": {
        "N": 524,
        "err": 0.04795903712879677,
        "transport": 0.5600000000000002,
        "resistance": 0.19500000000000012,
        "pinhole": 21.79583999999999
      },
      "t_x_1.10": {
        "N": 480,
        "err": 0.08000810540276587,
        "transport": 0.54,
        "resistance": 0.14000000000000007,
        "pinhole": 21.79583999999999
      }
    },
    "all": {
      "PDG": {
        "N": 538,
        "err": 0.11720654301665377,
        "transport": 0.5,
        "resistance": 0.1473343618584223,
        "pinhole": 21.79583999999999
      },
      "c_x_1.10": {
        "N": 538,
        "err": 0.11720654301665377,
        "transport": 0.5,
        "resistance": 0.1473343618584223,
        "pinhole": 21.79583999999999
      },
      "b_x_1.10": {
        "N": 538,
        "err": 0.11720654301665377,
        "transport": 0.5,
        "resistance": 0.1473343618584223,
        "pinhole": 21.79583999999999
      },
      "t_x_1.10": {
        "N": 540,
        "err": 0.117122766935181,
        "transport": 0.5,
        "resistance": 0.1473343618584223,
        "pinhole": 21.79583999999999
      }
    }
  },
  "perturbations": [
    "PDG",
    "c_x_1.10",
    "b_x_1.10",
    "t_x_1.10"
  ]
}