{
  "omegas": {
    "1": 1.0547269375351367,
    "3": 1.219082740577607,
    "5": 1.3959734850917922
  },
  "all_results": {
    "omega\u00b2(l1) | V_l1 | dk=max(l1,l2)": {
      "per_pair": {
        "(1,3)": {
          "kappa": 0.010955171913417983,
          "dk": 3,
          "alpha": 0.0036517239711393278
        },
        "(3,5)": {
          "kappa": 1.0563433033024057,
          "dk": 5,
          "alpha": 0.21126866066048114
        },
        "(1,5)": {
          "kappa": 0.010955171913417983,
          "dk": 5,
          "alpha": 0.0021910343826835967
        }
      },
      "alpha_mean": 0.07237047300476802,
      "alpha_spread": 0.20907762627779755,
      "joint_fit_N": 474,
      "joint_fit_err": 0.007358557860849929
    },
    "omega\u00b2(l1) | V_l1 | dk=l2-l1": {
      "per_pair": {
        "(1,3)": {
          "kappa": 0.010955171913417983,
          "dk": 2,
          "alpha": 0.005477585956708992
        },
        "(3,5)": {
          "kappa": 1.0563433033024057,
          "dk": 2,
          "alpha": 0.5281716516512028
        },
        "(1,5)": {
          "kappa": 0.010955171913417983,
          "dk": 4,
          "alpha": 0.002738792978354496
        }
      },
      "alpha_mean": 0.1787960101954221,
      "alpha_spread": 0.5254328586728484
    },
    "omega\u00b2(l1) | V_l2 | dk=max(l1,l2)": {
      "per_pair": {
        "(1,3)": {
          "kappa": 1.3098035990527652,
          "dk": 3,
          "alpha": 0.4366011996842551
        },
        "(3,5)": {
          "kappa": 2.421766884179798,
          "dk": 5,
          "alpha": 0.48435337683595964
        },
        "(1,5)": {
          "kappa": 2.6768930981244035,
          "dk": 5,
          "alpha": 0.5353786196248806
        }
      },
      "alpha_mean": 0.4854443987150318,
      "alpha_spread": 0.09877741994062555
    },
    "omega\u00b2(l1) | V_l2 | dk=l2-l1": {
      "per_pair": {
        "(1,3)": {
          "kappa": 1.3098035990527652,
          "dk": 2,
          "alpha": 0.6549017995263826
        },
        "(3,5)": {
          "kappa": 2.421766884179798,
          "dk": 2,
          "alpha": 1.210883442089899
        },
        "(1,5)": {
          "kappa": 2.6768930981244035,
          "dk": 4,
          "alpha": 0.6692232745311009
        }
      },
      "alpha_mean": 0.8450028387157942,
      "alpha_spread": 0.5559816425635165
    },
    "omega\u00b2(l1) | mean V | dk=max(l1,l2)": {
      "per_pair": {
        "(1,3)": {
          "kappa": 0.7504127573327442,
          "dk": 3,
          "alpha": 0.2501375857775814
        },
        "(3,5)": {
          "kappa": 1.802676903359513,
          "dk": 5,
          "alpha": 0.3605353806719026
        },
        "(1,5)": {
          "kappa": 1.6294679491978337,
          "dk": 5,
          "alpha": 0.32589358983956673
        }
      },
      "alpha_mean": 0.3121888520963502,
      "alpha_spread": 0.11039779489432122
    },
    "omega\u00b2(l1) | mean V | dk=l2-l1": {
      "per_pair": {
        "(1,3)": {
          "kappa": 0.7504127573327442,
          "dk": 2,
          "alpha": 0.3752063786663721
        },
        "(3,5)": {
          "kappa": 1.802676903359513,
          "dk": 2,
          "alpha": 0.9013384516797565
        },
        "(1,5)": {
          "kappa": 1.6294679491978337,
          "dk": 4,
          "alpha": 0.4073669872994584
        }
      },
      "alpha_mean": 0.5613039392151956,
      "alpha_spread": 0.5261320730133844
    },
    "omega\u00b2(l1) | max V | dk=max(l1,l2)": {
      "per_pair": {
        "(1,3)": {
          "kappa": 1.3098035990527652,
          "dk": 3,
          "alpha": 0.4366011996842551
        },
        "(3,5)": {
          "kappa": 2.421766884179798,
          "dk": 5,
          "alpha": 0.48435337683595964
        },
        "(1,5)": {
          "kappa": 2.6768930981244035,
          "dk": 5,
          "alpha": 0.5353786196248806
        }
      },
      "alpha_mean": 0.4854443987150318,
      "alpha_spread": 0.09877741994062555
    },
    "omega\u00b2(l1) | max V | dk=l2-l1": {
      "per_pair": {
        "(1,3)": {
          "kappa": 1.3098035990527652,
          "dk": 2,
          "alpha": 0.6549017995263826
        },
        "(3,5)": {
          "kappa": 2.421766884179798,
          "dk": 2,
          "alpha": 1.210883442089899
        },
        "(1,5)": {
          "kappa": 2.6768930981244035,
          "dk": 4,
          "alpha": 0.6692232745311009
        }
      },
      "alpha_mean": 0.8450028387157942,
      "alpha_spread": 0.5559816425635165
    },
    "omega\u00b2(l2) | V_l1 | dk=max(l1,l2)": {
      "per_pair": {
        "(1,3)": {
          "kappa": 0.0,
          "dk": 3,
          "alpha": 0.0
        },
        "(3,5)": {
          "kappa": 0.7862551838246462,
          "dk": 5,
          "alpha": 0.15725103676492924
        },
        "(1,5)": {
          "kappa": 0.0,
          "dk": 5,
          "alpha": 0.0
        }
      },
      "alpha_mean": 0.052417012254976414,
      "alpha_spread": 0.15725103676492924,
      "joint_fit_N": null,
      "joint_fit_err": null
    },
    "omega\u00b2(l2) | V_l1 | dk=l2-l1": {
      "per_pair": {
        "(1,3)": {
          "kappa": 0.0,
          "dk": 2,
          "alpha": 0.0
        },
        "(3,5)": {
          "kappa": 0.7862551838246462,
          "dk": 2,
          "alpha": 0.3931275919123231
        },
        "(1,5)": {
          "kappa": 0.0,
          "dk": 4,
          "alpha": 0.0
        }
      },
      "alpha_mean": 0.13104253063744103,
      "alpha_spread": 0.3931275919123231,
      "joint_fit_N": 468,
      "joint_fit_err": 0.011547655022880061
    },
    "omega\u00b2(l2) | V_l2 | dk=max(l1,l2)": {
      "per_pair": {
        "(1,3)": {
          "kappa": 1.0563433033024057,
          "dk": 3,
          "alpha": 0.3521144344341352
        },
        "(3,5)": {
          "kappa": 2.1479680238421825,
          "dk": 5,
          "alpha": 0.4295936047684365
        },
        "(1,5)": {
          "kappa": 2.1479680238421825,
          "dk": 5,
          "alpha": 0.4295936047684365
        }
      },
      "alpha_mean": 0.40376721465700277,
      "alpha_spread": 0.0774791703343013
    },
    "omega\u00b2(l2) | V_l2 | dk=l2-l1": {
      "per_pair": {
        "(1,3)": {
          "kappa": 1.0563433033024057,
          "dk": 2,
          "alpha": 0.5281716516512028
        },
        "(3,5)": {
          "kappa": 2.1479680238421825,
          "dk": 2,
          "alpha": 1.0739840119210913
        },
        "(1,5)": {
          "kappa": 2.1479680238421825,
          "dk": 4,
          "alpha": 0.5369920059605456
        }
      },
      "alpha_mean": 0.7130492231776132,
      "alpha_spread": 0.5458123602698884
    },
    "omega\u00b2(l2) | mean V | dk=max(l1,l2)": {
      "per_pair": {
        "(1,3)": {
          "kappa": 0.498823008062927,
          "dk": 3,
          "alpha": 0.16627433602097566
        },
        "(3,5)": {
          "kappa": 1.530019236957513,
          "dk": 5,
          "alpha": 0.3060038473915026
        },
        "(1,5)": {
          "kappa": 1.1039234540677787,
          "dk": 5,
          "alpha": 0.22078469081355573
        }
      },
      "alpha_mean": 0.2310209580753447,
      "alpha_spread": 0.13972951137052694,
      "joint_fit_N": 484,
      "joint_fit_err": 0.019018659797484957
    },
    "omega\u00b2(l2) | mean V | dk=l2-l1": {
      "per_pair": {
        "(1,3)": {
          "kappa": 0.498823008062927,
          "dk": 2,
          "alpha": 0.2494115040314635
        },
        "(3,5)": {
          "kappa": 1.530019236957513,
          "dk": 2,
          "alpha": 0.7650096184787565
        },
        "(1,5)": {
          "kappa": 1.1039234540677787,
          "dk": 4,
          "alpha": 0.2759808635169447
        }
      },
      "alpha_mean": 0.4301339953423882,
      "alpha_spread": 0.515598114447293
    },
    "omega\u00b2(l2) | max V | dk=max(l1,l2)": {
      "per_pair": {
        "(1,3)": {
          "kappa": 1.0563433033024057,