{
  "pair_overlaps": {
    "w=1 (raw)": {
      "(1,3)": 0.9919142557625993,
      "(3,5)": 0.989592315714932,
      "(1,5)": 0.9635138720393264,
      "mean": 0.9816734811722858,
      "geomean_signed": 0.9755551495415004
    },
    "w=1/r^2": {
      "(1,3)": 0.9582313078270875,
      "(3,5)": 0.9651731976588364,
      "(1,5)": 0.9364219553935217,
      "mean": 0.9532754869598152,
      "geomean_signed": 0.9381131150497389
    },
    "w=f(r)/r^2": {
      "(1,3)": 0.03089100510651426,
      "(3,5)": 0.022888243199777603,
      "(1,5)": 0.025180623836956153,
      "mean": 0.02631995738108267,
      "geomean_signed": 0.007767216105012219
    },
    "w=V(r,l_avg)": {
      "(1,3)": 0.3325613333985419,
      "(3,5)": 0.613911041842055,
      "(1,5)": 0.4482195556128209,
      "mean": 0.4648973102844726,
      "geomean_signed": 0.34909343148176836
    },
    "w=V(r,l_max)": {
      "(1,3)": 0.5487983691441417,
      "(3,5)": 0.8656817170396087,
      "(1,5)": 0.951832032351944,
      "mean": 0.7887707061785649,
      "geomean_signed": 0.7091869177183425
    },
    "w=V_l2-V_l1": {
      "(1,3)": 0.37069206127817106,
      "(3,5)": 0.45776486399555216,
      "(1,5)": 0.8057799627825969,
      "mean": 0.5447456293521067,
      "geomean_signed": 0.42074792822027146
    },
    "w=(l2-l1)*f/r^2": {
      "(1,3)": 0.06178201021302852,
      "(3,5)": 0.04577648639955521,
      "(1,5)": 0.10072249534782461,
      "mean": 0.06942699732013612,
      "geomean_signed": 0.02704289092315915
    },
    "w=cos(pi r/2)": {
      "(1,3)": -0.028272117101960124,
      "(3,5)": -0.02015898733867248,
      "(1,5)": -0.022510036262834876,
      "mean": -0.023647046901155825,
      "geomean_signed": 0.006719341543825956
    },
    "w=sin(pi r/2)": {
      "(1,3)": 0.9908312244953243,
      "(3,5)": 0.9890208916625316,
      "(1,5)": 0.962789235092983,
      "mean": 0.9808804504169464,
      "geomean_signed": 0.974505178922979
    }
  },
  "joint_fit": {
    "w=1 (raw)": {
      "mean_overlap": 0.9816734811722858,
      "N": null,
      "err": null
    },
    "w=1/r^2": {
      "mean_overlap": 0.9532754869598152,
      "N": null,
      "err": null
    },
    "w=f(r)/r^2": {
      "mean_overlap": 0.02631995738108267,
      "N": null,
      "err": null
    },
    "w=V(r,l_avg)": {
      "mean_overlap": 0.4648973102844726,
      "N": 480,
      "err": 0.052694960592935165
    },
    "w=V(r,l_max)": {
      "mean_overlap": 0.7887707061785649,
      "N": 380,
      "err": 0.1377503303053197
    },
    "w=V_l2-V_l1": {
      "mean_overlap": 0.5447456293521067,
      "N": 462,
      "err": 0.020815934203406793
    },
    "w=(l2-l1)*f/r^2": {
      "mean_overlap": 0.06942699732013612,
      "N": null,
      "err": null
    },
    "w=cos(pi r/2)": {
      "mean_overlap": -0.023647046901155825,
      "N": null,
      "err": null
    },
    "w=sin(pi r/2)": {
      "mean_overlap": 0.9808804504169464,
      "N": null,
      "err": null
    }
  },
  "fitted_transport": 0.54
}